{"name":"dpkg_autostart","version":"0.4.1","description":"Control service actions initialized from dpkg","long_description":"","maintainer":"Sous Chefs","maintainer_email":"help@sous-chefs.org","license":"Apache-2.0","platforms":{"ubuntu":">= 0.0.0","debian":">= 0.0.0"},"dependencies":{},"recommendations":{},"suggestions":{},"conflicting":{},"providing":{},"replacing":{},"attributes":{},"groupings":{},"recipes":{},"source_url":"https://github.com/sous-chefs/dpkg_autostart","issues_url":"https://github.com/sous-chefs/dpkg_autostart/issues","chef_version":[[">= 12.15"]],"ohai_version":[]}