{"name":"runit","version":"5.1.6","description":"Installs runit and provides runit_service resource","long_description":"","maintainer":"Chef Software, Inc.","maintainer_email":"cookbooks@chef.io","license":"Apache-2.0","platforms":{"ubuntu":">= 0.0.0","debian":">= 0.0.0","centos":">= 0.0.0","redhat":">= 0.0.0","amazon":">= 0.0.0","scientific":">= 0.0.0","oracle":">= 0.0.0","enterpriseenterprise":">= 0.0.0","zlinux":">= 0.0.0"},"dependencies":{"packagecloud":">= 0.0.0","yum-epel":">= 0.0.0"},"recommendations":{},"suggestions":{},"conflicting":{},"providing":{},"replacing":{},"attributes":{},"groupings":{},"recipes":{},"source_url":"https://github.com/chef-cookbooks/runit","issues_url":"https://github.com/chef-cookbooks/runit/issues","chef_version":[[">= 14.0"]],"ohai_version":[]}