{"name":"git","version":"10.0.0","description":"Installs git and/or sets up a Git server daemon","long_description":"","maintainer":"Chef Software, Inc.","maintainer_email":"cookbooks@chef.io","license":"Apache-2.0","platforms":{"amazon":">= 0.0.0","centos":">= 0.0.0","debian":">= 0.0.0","fedora":">= 0.0.0","freebsd":">= 0.0.0","mac_os_x":">= 0.0.0","omnios":">= 0.0.0","oracle":">= 0.0.0","redhat":">= 0.0.0","smartos":">= 0.0.0","scientific":">= 0.0.0","suse":">= 0.0.0","opensuseleap":">= 0.0.0","ubuntu":">= 0.0.0","windows":">= 0.0.0"},"dependencies":{},"recommendations":{},"suggestions":{},"conflicting":{},"providing":{},"replacing":{},"attributes":{},"groupings":{},"recipes":{},"source_url":"https://github.com/chef-cookbooks/git","issues_url":"https://github.com/chef-cookbooks/git/issues","chef_version":[[">= 14"]],"ohai_version":[]}