{"name":"jenkins","version":"8.0.2","description":"Installs and configures Jenkins CI master & slaves","long_description":"","maintainer":"Chef Software, Inc.","maintainer_email":"cookbooks@chef.io","license":"Apache-2.0","platforms":{"ubuntu":">= 0.0.0","debian":">= 0.0.0","redhat":">= 0.0.0","centos":">= 0.0.0","scientific":">= 0.0.0","oracle":">= 0.0.0","amazon":">= 0.0.0"},"dependencies":{"runit":">= 1.7","dpkg_autostart":">= 0.0.0"},"recommendations":{},"suggestions":{},"conflicting":{},"providing":{},"replacing":{},"attributes":{},"groupings":{},"recipes":{},"source_url":"https://github.com/chef-cookbooks/jenkins","issues_url":"https://github.com/chef-cookbooks/jenkins/issues","chef_version":[[">= 13.0"]],"ohai_version":[]}