{"name":"ant","version":"1.0.4","description":"Installs/Configures ant","long_description":"Description\n===========\n\nInstalls and configures Apache Ant\n\nRequirements\n============\n\nPlatform:\n\n* Debian, Ubuntu, CentOS, Red Hat, Fedora\n\nDependencies\n============\n\nThe following Chef cookbooks are dependencies:\n\n* ark\n\nAttributes\n==========\n\n* `node['ant']['version']` -  defaults to 1.8.2\n* `node['ant']['home']`- defaults to /usr/local/ant\n* `node['ant']['url']` - the download url for the ant binary zip\n* `node['ant']['checksum']` - the sha256 checksum for the ant binary\n  zip downloaded in the url\n* `node['ant']['install_method']` - the installation recipe to use,\n  can be \"package\" (default) or \"source\".\n* `node['ant']['libraries']` - a hash of libraries and their URLs\n  installed with the \"`ant_library`\" LWRP in the `install_source`\n  recipe. The hash is the form `{\"library-name\" =>\n  \"http://url.to.library.jar.file\"}`\n\nResources\n===================\n\n## ant\\_library\n\n### Actions\n\n* `:install` - (Default) Install the ant library specified.\n\n### Attributes\n\n* `name` - name of the library\n* `url` - url where the jar for the library can be downloaded\n\n### Examples\n\n    ant_library \"ant-contrib\" do\n      url \"http://search.maven.org/remotecontent?filepath=ant-contrib/ant-contrib/1.0b3/ant-contrib-1.0b3.jar\"\n    end\n\nUsage\n=====\n\n*NOTE* This cookbook requires java to be installed. You can include the `java` community cookbook and use the default recipe along with specific attributes to install, or you can install using your own cookbook. \n\nInclude a recipe in your wrapper cookbook where you want Apache Ant installed.\n\nRecipes\n=======\n\nant::install_package\n====================\n\nBackwards compatible recipe for older users of the cookbook. Installs Ant, Ant-Contribs, and Ivy using your OS's package manager.\n\n*NOTE* Ivy is not available with CentOS 5-6 package manager. You must use install_source recipe for these OS versions.\n\nant::install_source\n===================\n\nInstalls Ant using the `ark` resource and a URL for an Ant archive. Adds an $ANT_HOME to your environment.\n\nUses the `ant::library` LWRP to install optional Ant packages into the Ant installation's `lib` directory.\n\nTODO\n====\n\n* plugin support\n* global config template - /etc/ant/ant.conf\n\nLicense and Author\n==================\n\nAuthor:: Seth Chisamore (<schisamo@opscode.com>)\n\nCopyright 2016, Chef Software, Inc.\n\nLicensed under the Apache License, Version 2.0 (the \"License\");\nyou may not use this file except in compliance with the License.\nYou may obtain a copy of the License at\n\n    http://www.apache.org/licenses/LICENSE-2.0\n\nUnless required by applicable law or agreed to in writing, software\ndistributed under the License is distributed on an \"AS IS\" BASIS,\nWITHOUT WARRANTIES OR CONDITIONS OF ANY KIND, either express or implied.\nSee the License for the specific language governing permissions and\nlimitations under the License.\n","maintainer":"Chef Software, Inc.","maintainer_email":"cookbooks@chef.io","license":"Apache 2.0","platforms":{"debian":">= 0.0.0","ubuntu":">= 0.0.0","centos":">= 0.0.0","redhat":">= 0.0.0","fedora":">= 0.0.0"},"dependencies":{"ark":">= 0.0.0"},"recommendations":{},"suggestions":{},"conflicting":{},"providing":{},"replacing":{},"attributes":{},"groupings":{},"recipes":{"ant::default":"Installs and configures Ant"}}