{"name":"php","version":"8.0.0","description":"Installs and maintains php and php modules","long_description":"","maintainer":"Sous Chefs","maintainer_email":"help@sous-chefs.org","license":"Apache-2.0","platforms":{"amazon":">= 2.0","centos":">= 7.0","debian":">= 9.0","oracle":">= 7.0","redhat":">= 7.0","scientific":">= 7.0","ubuntu":">= 16.04"},"dependencies":{"yum-epel":">= 0.0.0"},"recommendations":{},"suggestions":{},"conflicting":{},"providing":{},"replacing":{},"attributes":{},"groupings":{},"recipes":{},"source_url":"https://github.com/sous-chefs/php","issues_url":"https://github.com/sous-chefs/php/issues","chef_version":[[">= 14.0"]],"ohai_version":[]}