{"name":"line","version":"2.9.1","description":"Provides line editing resources for use by recipes","long_description":"","maintainer":"Sous Chefs","maintainer_email":"help@sous-chefs.org","license":"Apache-2.0","platforms":{"debian":">= 0.0.0","ubuntu":">= 0.0.0","centos":">= 0.0.0","redhat":">= 0.0.0","scientific":">= 0.0.0","oracle":">= 0.0.0","amazon":">= 0.0.0","windows":">= 0.0.0"},"dependencies":{},"recommendations":{},"suggestions":{},"conflicting":{},"providing":{},"replacing":{},"attributes":{},"groupings":{},"recipes":{},"source_url":"https://github.com/sous-chefs/line","issues_url":"https://github.com/sous-chefs/line/issues","chef_version":[[">= 12.13.37"]],"ohai_version":[]}