{"name":"apt","version":"7.3.0","description":"Configures apt and apt caching.","long_description":"","maintainer":"Chef Software, Inc.","maintainer_email":"cookbooks@chef.io","license":"Apache-2.0","platforms":{"ubuntu":">= 0.0.0","debian":">= 0.0.0"},"dependencies":{},"recommendations":{},"suggestions":{},"conflicting":{},"providing":{},"replacing":{},"attributes":{},"groupings":{},"recipes":{},"source_url":"https://github.com/chef-cookbooks/apt","issues_url":"https://github.com/chef-cookbooks/apt/issues","chef_version":[[">= 13.3"]],"ohai_version":[]}