{"name":"aws","version":"8.3.0","description":"Provides resources for managing AWS resources","long_description":"","maintainer":"Chef Software, Inc.","maintainer_email":"cookbooks@chef.io","license":"Apache-2.0","platforms":{"ubuntu":">= 0.0.0","debian":">= 0.0.0","centos":">= 0.0.0","redhat":">= 0.0.0","amazon":">= 0.0.0","scientific":">= 0.0.0","fedora":">= 0.0.0","oracle":">= 0.0.0","freebsd":">= 0.0.0","windows":">= 0.0.0","suse":">= 0.0.0","opensuse":">= 0.0.0","opensuseleap":">= 0.0.0"},"dependencies":{},"recommendations":{},"suggestions":{},"conflicting":{},"providing":{},"replacing":{},"attributes":{},"groupings":{},"recipes":{},"source_url":"https://github.com/chef-cookbooks/aws","issues_url":"https://github.com/chef-cookbooks/aws/issues","gems":[["aws-sdk-cloudformation","~> 1.21.0"],["aws-sdk-cloudwatch","~> 1.22.0"],["aws-sdk-core","~> 3.71.0"],["aws-sdk-dynamodb","~> 1.28.0"],["aws-sdk-ec2","~> 1.115.0"],["aws-sdk-elasticloadbalancing","~> 1.14.0"],["aws-eventstream","~> 1.0.3"],["aws-sdk-iam","~> 1.22.0"],["aws-sdk-kinesis","~> 1.15.0"],["aws-sdk-kms","~> 1.20.0"],["aws-sdk-route53","~> 1.24.0"],["aws-partitions","~> 1.228.0"],["aws-sdk-s3","~> 1.38.0"],["aws-sigv4","~> 1.1.0"],["aws-sdk-ssm","~> 1.46.0"]],"chef_version":[[">= 12.15"]],"ohai_version":[]}