{"name":"java","version":"8.4.0","description":"Recipes and resources for installing Java and managing certificates","long_description":"","maintainer":"Sous Chefs","maintainer_email":"help@sous-chefs.org","license":"Apache-2.0","platforms":{"debian":">= 0.0.0","ubuntu":">= 0.0.0","centos":">= 0.0.0","redhat":">= 0.0.0","scientific":">= 0.0.0","fedora":">= 0.0.0","amazon":">= 0.0.0","oracle":">= 0.0.0","freebsd":">= 0.0.0","suse":">= 0.0.0","opensuseleap":">= 0.0.0"},"dependencies":{"line":">= 0.0.0"},"recommendations":{},"suggestions":{},"conflicting":{},"providing":{},"replacing":{},"attributes":{},"groupings":{},"recipes":{},"source_url":"https://github.com/sous-chefs/java","issues_url":"https://github.com/sous-chefs/java/issues","chef_version":[[">= 15.0"]],"ohai_version":[]}