{"name":"yum","version":"3.13.0","description":"Configures various yum components on Red Hat-like systems","long_description":"","maintainer":"Chef Software, Inc.","maintainer_email":"cookbooks@chef.io","license":"Apache 2.0","platforms":{"amazon":">= 0.0.0","centos":">= 0.0.0","fedora":">= 0.0.0","oracle":">= 0.0.0","redhat":">= 0.0.0","scientific":">= 0.0.0","zlinux":">= 0.0.0"},"dependencies":{},"recommendations":{},"suggestions":{},"conflicting":{},"providing":{},"replacing":{},"attributes":{},"groupings":{},"recipes":{}}