{"name":"windows","version":"7.0.2","description":"Provides a set of useful Windows-specific primitives.","long_description":"","maintainer":"Chef Software, Inc.","maintainer_email":"cookbooks@chef.io","license":"Apache-2.0","platforms":{"windows":">= 0.0.0"},"dependencies":{},"recommendations":{},"suggestions":{},"conflicting":{},"providing":{},"replacing":{},"attributes":{},"groupings":{},"recipes":{},"source_url":"https://github.com/chef-cookbooks/windows","issues_url":"https://github.com/chef-cookbooks/windows/issues","chef_version":[[">= 14.7"]],"ohai_version":[]}