{"name":"ark","version":"5.0.0","description":"Provides a custom resource for installing runtime artifacts in a predictable fashion","long_description":"","maintainer":"Chef Software, Inc.","maintainer_email":"cookbooks@chef.io","license":"Apache-2.0","platforms":{"ubuntu":">= 0.0.0","debian":">= 0.0.0","redhat":">= 0.0.0","centos":">= 0.0.0","suse":">= 0.0.0","opensuse":">= 0.0.0","opensuseleap":">= 0.0.0","scientific":">= 0.0.0","oracle":">= 0.0.0","amazon":">= 0.0.0","windows":">= 0.0.0","mac_os_x":">= 0.0.0","smartos":">= 0.0.0","freebsd":">= 0.0.0"},"dependencies":{"seven_zip":">= 0.0.0"},"recommendations":{},"suggestions":{},"conflicting":{},"providing":{},"replacing":{},"attributes":{},"groupings":{},"recipes":{},"source_url":"https://github.com/chef-cookbooks/ark","issues_url":"https://github.com/chef-cookbooks/ark/issues","chef_version":[[">= 14.0"]],"ohai_version":[]}