{"name":"chef-vault","version":"4.0.3","description":"Installs the chef-vault gem and provides chef_vault_item recipe helper","long_description":"","maintainer":"Chef Software, Inc.","maintainer_email":"cookbooks@chef.io","license":"Apache-2.0","platforms":{"any":">= 0.0.0"},"dependencies":{},"recommendations":{},"suggestions":{},"conflicting":{},"providing":{},"replacing":{},"attributes":{},"groupings":{},"recipes":{},"source_url":"https://github.com/chef-cookbooks/chef-vault","issues_url":"https://github.com/chef-cookbooks/chef-vault/issues","chef_version":[[">= 13.4"]],"ohai_version":[]}